{
  "features": [
    "temperature",
    "humidity",
    "pressure",
    "lux"
  ],
  "matrix": [
    [
      0.03140435001188667,
      0.00036009842724600284,
      0.002040462995157277,
      0.00042593611889403207
    ],
    [
      0.002395607205384698,
      0.0400529877104943,
      0.001633879909952756,
      0.0004132176839730815
    ],
    [
      0.00274038175300129,
      0.001049848984253771,
      1.0,
      0.00131155735693659
    ],
    [
      0.0003492053630360852,
      0.00024044124855575523,
      0.00026140825652670225,
      0.0058481007951935
    ]
  ],
  "raw_matrix": [
    [
      22.986717224121094,
      0.26357752084732056,
      1.4935365915298462,
      0.3117680549621582
    ],
    [
      1.7534878253936768,
      29.317171096801758,
      1.1959341764450073,
      0.30245867371559143
    ],
    [
      2.0058488845825195,
      0.7684471011161804,
      731.9596557617188,
      0.9600070714950562
    ],
    [
      0.25560423731803894,
      0.17599329352378845,
      0.19134029746055603,
      4.280573844909668
    ]
  ],
  "overall_pct": [
    3.1389257089845697,
    4.080199093554353,
    92.16657104073845,
    0.6143041567226347
  ],
  "mae_per_output": [
    0.09825880080461502,
    0.4290350675582886,
    28.801828384399414,
    10.888428688049316
  ],
  "mae_units": [
    "C",
    "%",
    "Pa",
    "lux"
  ],
  "training_history": {
    "loss": [
      0.0013889147667214274,
      0.00040800581336952746,
      0.00036956678377464414,
      0.0003661597438622266,
      0.00036389645538292825,
      0.00036239539622329175,
      0.00036093193921260536,
      0.00035997526720166206,
      0.0003585185913834721,
      0.0003573332796804607,
      0.0003564775106497109,
      0.00035502086393535137,
      0.00035420909989625216,
      0.00035340365138836205,
      0.0003528232919052243,
      0.0003528806264512241,
      0.0003520734026096761,
      0.00035186123568564653,
      0.0003517472359817475,
      0.0003511180402711034,
      0.00035082214162684977,
      0.0003508431254886091,
      0.00035073774051852524,
      0.00035024798125959933,
      0.0003502938780002296,
      0.0003499087761156261,
      0.0003496853169053793,
      0.00034969195257872343,
      0.00034928449895232916,
      0.0003488088841550052,
      0.0003490734670776874,
      0.0003487499780021608,
      0.00034851289819926023,
      0.0003484039625618607,
      0.00034839246654883027,
      0.00034830078948289156,
      0.00034789060009643435,
      0.0003480080922599882,
      0.0003477009304333478,
      0.0003479470906313509,
      0.00034778143162839115,
      0.0003474410914350301,
      0.0003476131532806903,
      0.00034744362346827984,
      0.00034722458804026246,
      0.00034710392355918884,
      0.00034718934330157936,
      0.000346970307873562,
      0.0003468668437562883,
      0.0003461767337284982
    ],
    "val_loss": [
      0.00045791364391334355,
      0.00035995140206068754,
      0.0003633297747001052,
      0.0003517524164635688,
      0.0003441038716118783,
      0.00034332514042034745,
      0.0003420475695747882,
      0.0003487443318590522,
      0.00035331049002707005,
      0.0003542063059285283,
      0.00034153388696722686,
      0.0003374827792868018,
      0.00034384120954200625,
      0.0003436025290284306,
      0.0003375269297976047,
      0.00033419561805203557,
      0.00033686027745716274,
      0.0003344747528899461,
      0.0003327928716316819,
      0.0003319435636512935,
      0.0003464715264271945,
      0.00033324738615192473,
      0.00034557696199044585,
      0.0003350384358782321,
      0.0003330318140797317,
      0.0003312261251267046,
      0.0003388780460227281,
      0.00036200910108163953,
      0.0003319796815048903,
      0.00033650483237579465,
      0.0003341228002682328,
      0.00034087072708643973,
      0.00033371077734045684,
      0.00033741991501301527,
      0.0003322384145576507,
      0.00032983056735247374,
      0.0003305693971924484,
      0.00033151524257846177,
      0.00033078459091484547,
      0.00033829757012426853,
      0.0003485234046820551,
      0.0003374125517439097,
      0.0003339966933708638,
      0.0003313614579383284,
      0.0003309986786916852,
      0.00032866327092051506,
      0.00033445513690821826,
      0.00033516183611936867,
      0.0003405052702873945,
      0.0003308788873255253
    ]
  }
}