{
  "features": [
    "temperature",
    "humidity",
    "pressure",
    "lux"
  ],
  "matrix": [
    [
      0.021930687874130664,
      0.0001411635506598983,
      0.00165531915268782
    ],
    [
      0.0007887579060366199,
      0.02407463465566442,
      0.0043147087910364
    ],
    [
      0.0035070701491993496,
      0.0007224521291289426,
      1.0
    ],
    [
      0.00017580112638348327,
      6.185327797916369e-05,
      0.00030865609423873566
    ]
  ],
  "raw_matrix": [
    [
      26.450693130493164,
      0.17025794088840485,
      1.9964872598648071
    ],
    [
      0.9513241648674011,
      29.036516189575195,
      5.203988075256348
    ],
    [
      4.229891777038574,
      0.87135249376297,
      1206.1041259765625
    ],
    [
      0.2120344638824463,
      0.07460149377584457,
      0.3722713887691498
    ]
  ],
  "overall_pct": [
    2.2433198883748657,
    2.7586860749314774,
    94.9463423151899,
    0.05165172150377472
  ],
  "mae_per_output": [
    0.08744032680988312,
    0.4066318869590759,
    23.925630569458008
  ],
  "mae_units": [
    "C",
    "%",
    "Pa",
    "lux"
  ],
  "training_history": {
    "loss": [
      0.0014404458925127983,
      0.0005406214622780681,
      0.0004972273600287735,
      0.0004854884755332023,
      0.00048153859097510576,
      0.0004786341160070151,
      0.00047739502042531967,
      0.00047255007666535676,
      0.00046996306627988815,
      0.0004678020195569843,
      0.00046724179992452264,
      0.000466078839963302,
      0.0004654821823351085,
      0.00046467254287563264,
      0.00046442978782579303,
      0.000463337724795565,
      0.00046304083662107587,
      0.0004627140879165381,
      0.0004610699543263763,
      0.0004573717887979001,
      0.00045123780728317797,
      0.00044921765220351517,
      0.0004478533228393644,
      0.00044698998681269586,
      0.0004467181861400604,
      0.0004458688199520111,
      0.0004453273431863636,
      0.00044470198918133974,
      0.00044472666922956705,
      0.00044357217848300934,
      0.000443327211542055,
      0.00044320145389065146,
      0.0004431821289472282,
      0.0004412993148434907,
      0.00043837924022227526,
      0.00043726430158130825,
      0.0004369852540548891,
      0.0004361339670140296,
      0.0004358607984613627,
      0.000435672583989799,
      0.0004355544224381447,
      0.0004353955446276814,
      0.00043513948912732303,
      0.0004353229305706918,
      0.0004349935334175825,
      0.00043499364983290434,
      0.00043467452633194625,
      0.00043443148024380207,
      0.00043468482908792794,
      0.00043410927173681557
    ],
    "val_loss": [
      0.0005741794011555612,
      0.0004961641971021891,
      0.000465370190795511,
      0.00045708331163041294,
      0.00044915027683600783,
      0.00048306159442290664,
      0.00048353878082707524,
      0.0004470653075259179,
      0.0004400814068503678,
      0.00045886458246968687,
      0.0004588632727973163,
      0.00044577522203326225,
      0.0004366892680991441,
      0.00044836816960014403,
      0.0004532840976025909,
      0.00044127946603111923,
      0.00043987733079120517,
      0.00045565725304186344,
      0.00043254526099190116,
      0.0004388222296256572,
      0.00042840902460739017,
      0.0004359637969173491,
      0.000422386423451826,
      0.0004352462128736079,
      0.0004335271951276809,
      0.0004263811861164868,
      0.00042278217733837664,
      0.00044457559124566615,
      0.00041778915328904986,
      0.0004218753892928362,
      0.0004287910123821348,
      0.00042999815195798874,
      0.0004338491999078542,
      0.00041763935587368906,
      0.0004128798609599471,
      0.0004181406111456454,
      0.0004315322730690241,
      0.0004133428737986833,
      0.0004287024785298854,
      0.0004128804721403867,
      0.0004313940298743546,
      0.00041886206599883735,
      0.00043575663585215807,
      0.0004154267371632159,
      0.00042220362229272723,
      0.0004110284789931029,
      0.0004089554713573307,
      0.0004307820927351713,
      0.0004103071987628937,
      0.0004109825531486422
    ]
  }
}