{
  "features": [
    "temperature",
    "humidity",
    "pressure",
    "lux"
  ],
  "matrix": [
    [
      0.04117297275268013,
      0.00015946305141088942,
      0.0046987421772120876,
      0.001333889928091668
    ],
    [
      0.000713235910565279,
      0.04981356355679977,
      0.003252701772652962,
      0.0005925646183062724
    ],
    [
      0.001456514838878975,
      0.0007695572918985256,
      1.0,
      0.00155813529698771
    ],
    [
      0.0006789708865568827,
      0.00026886713811404727,
      0.0011940668809414183,
      0.009773880834153717
    ]
  ],
  "raw_matrix": [
    [
      23.709178924560547,
      0.09182572364807129,
      2.7057390213012695,
      0.768111526966095
    ],
    [
      0.4107120931148529,
      28.684804916381836,
      1.8730463981628418,
      0.34122434258461
    ],
    [
      0.8387242555618286,
      0.44314438104629517,
      575.84326171875,
      0.8972417116165161
    ],
    [
      0.3909808099269867,
      0.1548253297805786,
      0.6875953674316406,
      5.628223419189453
    ]
  ],
  "overall_pct": [
    4.238723304218559,
    4.865783008968778,
    89.82914413993059,
    1.06634954688207
  ],
  "mae_per_output": [
    0.10615511238574982,
    0.43181344866752625,
    32.734779357910156,
    10.531375885009766
  ],
  "mae_units": [
    "C",
    "%",
    "Pa",
    "lux"
  ],
  "training_history": {
    "loss": [
      0.002000080654397607,
      0.0008331014541909099,
      0.0007752117817290127,
      0.0007501005893573165,
      0.0007362710312008858,
      0.0007294272072613239,
      0.0007254068623296916,
      0.0007207730668596923,
      0.0007178835803642869,
      0.0007162755355238914,
      0.0007150194724090397,
      0.0007133951294235885,
      0.0007130241137929261,
      0.0007113317842595279,
      0.0007095897453837097,
      0.0007086361292749643,
      0.0007083054515533149,
      0.0007076552719809115,
      0.0007075775065459311,
      0.0007061954820528626,
      0.0007061349460855126,
      0.0007055586902424693,
      0.0007047852268442512,
      0.0007050169515423477,
      0.0007045107195153832,
      0.0007042661891318858,
      0.0007043686346150935,
      0.0007046284154057503,
      0.0007037060568109155,
      0.0007029213011264801,
      0.0007026870152913034,
      0.0007023663492873311,
      0.000702406803611666,
      0.0007020923076197505,
      0.0007018176256678998,
      0.0007011613924987614,
      0.0007016320596449077,
      0.0007001555059105158,
      0.0007003153441473842,
      0.0006998822209425271,
      0.0006999607430770993,
      0.0006998262251727283,
      0.0006989596295170486,
      0.0006988983368501067,
      0.000698734656907618,
      0.0006978012970648706,
      0.0006972085684537888,
      0.0006967286462895572,
      0.0006965331849642098,
      0.0006965458742342889
    ],
    "val_loss": [
      0.0008583294111303985,
      0.0008164209430105984,
      0.000754702661652118,
      0.0007356079295277596,
      0.0007330349762924016,
      0.0007213457720354199,
      0.000723950273822993,
      0.0007060623611323535,
      0.000713402172550559,
      0.0007194277131929994,
      0.000704277481418103,
      0.0007123235845938325,
      0.0007003843784332275,
      0.0006971410475671291,
      0.0006983468192629516,
      0.0007036026217974722,
      0.0006983985076658428,
      0.0006981096230447292,
      0.0006962507613934577,
      0.000693417910952121,
      0.0007126277196221054,
      0.0006999018951319158,
      0.0007200786494649947,
      0.0007003867067396641,
      0.0006969820242375135,
      0.0006988406530581415,
      0.0007128869765438139,
      0.0006935116834938526,
      0.0006960848113521934,
      0.0006946489447727799,
      0.000712691864464432,
      0.0006916563143022358,
      0.00069363450165838,
      0.0007373886182904243,
      0.0006850542849861085,
      0.0006902482709847391,
      0.000690083543304354,
      0.0007021527271717787,
      0.0006864341557957232,
      0.0006917715654708445,
      0.0006925559137016535,
      0.0006959929596632719,
      0.0006909539806656539,
      0.0006852992810308933,
      0.0006958633894100785,
      0.0007109279395081103,
      0.0007147925207391381,
      0.0006963182822801173,
      0.0006896950653754175,
      0.000694895745255053
    ]
  }
}